{
    "Ap_num": 2,
    "Ap_pos_list": [
        {
            "id": 0,
            "pos": [
                5.979124448196382,
                7.032849821844013,
                0.7367756431902479
            ]
        },
        {
            "id": 1,
            "pos": [
                4.542116574180634,
                6.737574231292835,
                0.7367756431902479
            ]
        }
    ],
    "Sta_num": 2,
    "Sta_pos_list": [
        {
            "id": 0,
            "pos": [
                7.217375796813926,
                6.521240788358172,
                1.0186472961135515
            ]
        },
        {
            "id": 1,
            "pos": [
                4.038434484961221,
                6.089710293536537,
                1.0186472961135515
            ]
        }
    ]
}
