{
    "Ap_num": 3,
    "Ap_pos_list": [
        {
            "id": 0,
            "pos": [
                3.698367312663622,
                2.7272353028761547,
                0.3681594162067448
            ]
        },
        {
            "id": 1,
            "pos": [
                5.823367312663622,
                4.327235302876154,
                0.3681594162067448
            ]
        },
        {
            "id": 2,
            "pos": [
                4.598367312663622,
                7.052235302876154,
                0.3681594162067448
            ]
        }
    ],
    "Building": {
        "building_type": "Residential",
        "range": [
            10,
            10,
            5
        ],
        "wall_type": "Wood"
    },
    "SimulationTime": 20,
    "Sta_num": 1,
    "Sta_pos_list": [
        {
            "id": 0,
            "pos": [
                3.576455528340562,
                5.0157353873659405,
                1.2542424310902964
            ]
        }
    ]
}
