{
    "Ap_num": 2,
    "Ap_pos_list": [
        {
            "id": 0,
            "pos": [
                6.772705512709204,
                3.1627028723889605,
                2.6460493946283217
            ]
        },
        {
            "id": 1,
            "pos": [
                6.059155304023215,
                2.4271972726664774,
                2.6460493946283217
            ]
        }
    ],
    "Building": {
        "building_type": "Residential",
        "range": [
            10,
            10,
            5
        ],
        "wall_type": "Wood"
    },
    "SimulationTime": 10,
    "Sta_num": 2,
    "Sta_pos_list": [
        {
            "id": 0,
            "pos": [
                8.329534013269612,
                2.554563993332266,
                4.9982527534990915
            ]
        },
        {
            "id": 1,
            "pos": [
                7.319586025590977,
                1.972746130865227,
                4.9982527534990915
            ]
        }
    ]
}
