{
    "Ap_num": 1,
    "Ap_pos_list": [
        {
            "id": 0,
            "pos": [
                3.075150198524375,
                4.327349032206167,
                1.837539226321824
            ]
        }
    ],
    "Building": {
        "building_type": "Residential",
        "range": [
            10,
            10,
            5
        ],
        "wall_type": "Wood"
    },
    "SimulationTime": 50,
    "Sta_num": 1,
    "Sta_pos_list": [
        {
            "id": 0,
            "pos": [
                5.421995490686878,
                5.35280107806521,
                3.3115352836608314
            ]
        }
    ]
}
