{
    "Ap_num": 1,
    "Ap_pos_list": [
        {
            "id": 0,
            "pos": [
                4.828008487294798,
                4.112764084724509,
                4.390681569903728
            ]
        }
    ],
    "Sta_num": 1,
    "Sta_pos_list": [
        {
            "id": 0,
            "pos": [
                7.12158553026898,
                5.753819404810354,
                4.626167280021244
            ]
        }
    ]
}
