{
    "Ap_num": 1,
    "Ap_pos_list": [
        {
            "id": 0,
            "pos": [
                5.750893703862535,
                5.044961077156485,
                0.3117411982503461
            ]
        }
    ],
    "Building": {
        "building_type": "Residential",
        "range": [
            10,
            10,
            5
        ],
        "wall_type": "Wood"
    },
    "SimulationTime": 0,
    "Sta_num": 1,
    "Sta_pos_list": [
        {
            "id": 0,
            "pos": [
                4.197149296701529,
                9.120036716387345,
                4.0388899189998835
            ]
        }
    ]
}
