{
    "Ap_num": 1,
    "Ap_pos_list": [
        {
            "id": 0,
            "pos": [
                3.3476825778383708,
                5.586028941581089,
                0.07038775891600604
            ]
        }
    ],
    "Building": {
        "building_type": "Residential",
        "range": [
            10,
            10,
            5
        ],
        "wall_type": "Wood"
    },
    "SimulationTime": 6,
    "Sta_num": 1,
    "Sta_pos_list": [
        {
            "id": 0,
            "pos": [
                5.490014657764451,
                4.456041648835482,
                2.4091885641955453
            ]
        }
    ]
}
