{
    "Ap_num": 1,
    "Ap_pos_list": [
        {
            "id": 1,
            "pos": [
                4.09758449245529,
                4.958803721331747,
                3.3712303415031286
            ]
        }
    ],
    "Building": {
        "building_type": "Residential",
        "range": [
            10,
            10,
            5
        ],
        "wall_type": "Wood"
    },
    "SimulationTime": 0,
    "Sta_num": 1,
    "Sta_pos_list": [
        {
            "id": 1,
            "pos": [
                3.1173037328087916,
                6.430544306211354,
                1.3093233707819216
            ]
        }
    ]
}
