{
    "Ap_num": 1,
    "Ap_pos_list": [
        {
            "id": 0,
            "pos": [
                7.902140581559323,
                3.7612529535367494,
                1.8917206302848841
            ]
        }
    ],
    "Sta_num": 1,
    "Sta_pos_list": [
        {
            "id": 0,
            "pos": [
                5.361319291023902,
                6.789692199761168,
                2.4591858041390804
            ]
        }
    ]
}
