{
    "Ap_num": 3,
    "Ap_pos_list": [
        {
            "id": 0,
            "pos": [
                7.1,
                5.925,
                0
            ]
        },
        {
            "id": 1,
            "pos": [
                4.675,
                5.175,
                0
            ]
        },
        {
            "id": 2,
            "pos": [
                3.525,
                2.85,
                0
            ]
        }
    ],
    "Building": {
        "building_type": "Residential",
        "range": [
            10,
            10,
            5
        ],
        "wall_type": "Wood"
    },
    "SimulationTime": 20,
    "Sta_num": 1,
    "Sta_pos_list": [
        {
            "id": 0,
            "pos": [
                5.954378990976335,
                3.980865939639787,
                2.729410759038913
            ]
        }
    ]
}
