{
    "Ap_num": 1,
    "Ap_pos_list": [
        {
            "id": 0,
            "pos": [
                5.007810681849923,
                5.944222672573934,
                3.808197331916249
            ]
        }
    ],
    "Building": {
        "building_type": "Residential",
        "range": [
            10,
            10,
            5
        ],
        "wall_type": "Wood"
    },
    "SimulationTime": 10,
    "Sta_num": 3,
    "Sta_pos_list": [
        {
            "id": 0,
            "pos": [
                2.482335485596775,
                5.81804051730587,
                4.628071093704499
            ]
        },
        {
            "id": 1,
            "pos": [
                1.6823354855967754,
                3.3680405173058703,
                4.628071093704499
            ]
        },
        {
            "id": 2,
            "pos": [
                3.782335485596775,
                4.24304051730587,
                4.628071093704499
            ]
        }
    ]
}
