{
    "Ap_num": 2,
    "Ap_pos_list": [
        {
            "id": 0,
            "pos": [
                8.964920919791876,
                4.524906784344759,
                0.4154209732481188
            ]
        },
        {
            "id": 1,
            "pos": [
                5.7649209197918765,
                3.249906784344759,
                0.4154209732481188
            ]
        }
    ],
    "Building": {
        "building_type": "Residential",
        "range": [
            10,
            10,
            5
        ],
        "wall_type": "Wood"
    },
    "SimulationTime": 10,
    "Sta_num": 2,
    "Sta_pos_list": [
        {
            "id": 0,
            "pos": [
                7.322525543598138,
                6.037915721639399,
                4.729506607824842
            ]
        },
        {
            "id": 1,
            "pos": [
                4.2475255435981385,
                4.637915721639399,
                4.729506607824842
            ]
        }
    ]
}
