{
    "Ap_num": 2,
    "Ap_pos_list": [
        {
            "id": 0,
            "pos": [
                7.737555157051832,
                2.8729007725030713,
                2.0741095907018456
            ]
        },
        {
            "id": 1,
            "pos": [
                5.237555157051832,
                1.7229007725030712,
                2.0741095907018456
            ]
        }
    ],
    "Building": {
        "building_type": "Residential",
        "range": [
            10,
            10,
            5
        ],
        "wall_type": "Wood"
    },
    "SimulationTime": 20,
    "Sta_num": 2,
    "Sta_pos_list": [
        {
            "id": 0,
            "pos": [
                2.7231017578389056,
                3.955300573325867,
                3.2599799841315233
            ]
        },
        {
            "id": 1,
            "pos": [
                5.223101757838907,
                5.230300573325867,
                3.2599799841315233
            ]
        }
    ]
}
