{
    "Ap_num": 2,
    "Ap_pos_list": [
        {
            "id": 0,
            "pos": [
                1.9893495319843992,
                6.184881833327353,
                3.5551713449371682
            ]
        },
        {
            "id": 1,
            "pos": [
                5.964349531984399,
                6.709881833327353,
                3.5551713449371682
            ]
        }
    ],
    "Building": {
        "building_type": "Residential",
        "range": [
            10,
            10,
            5
        ],
        "wall_type": "Wood"
    },
    "SimulationTime": 7,
    "Sta_num": 2,
    "Sta_pos_list": [
        {
            "id": 0,
            "pos": [
                3.348001862142695,
                2.95135990920393,
                0.9919860293051331
            ]
        },
        {
            "id": 1,
            "pos": [
                5.598001862142695,
                4.47635990920393,
                0.9919860293051331
            ]
        }
    ]
}
