{
    "Ap_num": 1,
    "Ap_pos_list": [
        {
            "id": 0,
            "pos": [
                5.326801604993773,
                3.698208162236522,
                4.026194018405892
            ]
        }
    ],
    "Sta_num": 1,
    "Sta_pos_list": [
        {
            "id": 0,
            "pos": [
                3.740245539722592,
                0.5989194716131794,
                1.5393520621841397
            ]
        }
    ]
}
