{
    "Ap_num": 2,
    "Ap_pos_list": [
        {
            "id": 0,
            "pos": [
                5.447874027613599,
                3.195935129850578,
                0.4212706045664454
            ]
        },
        {
            "id": 1,
            "pos": [
                5.022874027613599,
                6.120935129850578,
                0.4212706045664454
            ]
        }
    ],
    "Building": {
        "building_type": "Residential",
        "range": [
            10,
            10,
            5
        ],
        "wall_type": "Wood"
    },
    "SimulationTime": 6,
    "Sta_num": 2,
    "Sta_pos_list": [
        {
            "id": 0,
            "pos": [
                1.9841063451982024,
                2.5412405877902726,
                4.776821749797704
            ]
        },
        {
            "id": 1,
            "pos": [
                2.6341063451982025,
                7.166240587790273,
                4.776821749797704
            ]
        }
    ]
}
