{
    "Ap_num": 2,
    "Ap_pos_list": [
        {
            "id": 0,
            "pos": [
                3.384656555303016,
                5.8051064644835835,
                4.728638697561425
            ]
        },
        {
            "id": 1,
            "pos": [
                5.459656555303016,
                3.9801064644835833,
                4.728638697561425
            ]
        }
    ],
    "Building": {
        "building_type": "Residential",
        "range": [
            10,
            10,
            5
        ],
        "wall_type": "Wood"
    },
    "SimulationTime": 20,
    "Sta_num": 2,
    "Sta_pos_list": [
        {
            "id": 0,
            "pos": [
                2.0478862878526307,
                0.39729866622816956,
                4.939265849132952
            ]
        },
        {
            "id": 1,
            "pos": [
                2.0478862878526307,
                3.57229866622817,
                4.939265849132952
            ]
        }
    ]
}
