{
    "Ap_num": 2,
    "Ap_pos_list": [
        {
            "id": 0,
            "pos": [
                5.420245681732714,
                2.7498140065790735,
                1.9190007762213677
            ]
        },
        {
            "id": 1,
            "pos": [
                4.420245681732714,
                5.449814006579073,
                1.9190007762213677
            ]
        }
    ],
    "Building": {
        "building_type": "Residential",
        "range": [
            10,
            10,
            5
        ],
        "wall_type": "Wood"
    },
    "SimulationTime": 10,
    "Sta_num": 2,
    "Sta_pos_list": [
        {
            "id": 0,
            "pos": [
                3.4348716249349223,
                3.395905352207272,
                3.907119414063044
            ]
        },
        {
            "id": 1,
            "pos": [
                6.459871624934922,
                4.745905352207272,
                3.907119414063044
            ]
        }
    ]
}
